{
    "info": {
      "_postman_id": "a unique identifier for your collection",
      "name": "User Management API",
      "schema": "https://schema.getpostman.com/json/collection/v2.1.0/collection.json"
    },
    "item": [
      {
        "name": "Get All Users",
        "request": {
          "method": "GET",
          "header": [],
          "url": {
            "raw": "http://localhost:3000/users",
            "protocol": "http",
            "host": [
              "localhost"
            ],
            "port": "3000",
            "path": [
              "users"
            ]
          }
        },
        "response": []
      },
      {
        "name": "Create User",
        "request": {
          "method": "POST",
          "header": [
            {
              "key": "Content-Type",
              "value": "application/json"
            }
          ],
          "body": {
            "mode": "raw",
            "raw": "{\"id\": \"1\", \"name\": \"John Doe\", \"email\": \"john.doe@example.com\"}"
          },
          "url": {
            "raw": "http://localhost:3000/users",
            "protocol": "http",
            "host": [
              "localhost"
            ],
            "port": "3000",
            "path": [
              "users"
            ]
          }
        },
        "response": []
      },
      {
        "name": "Update User",
        "request": {
          "method": "PUT",
          "header": [
            {
              "key": "Content-Type",
              "value": "application/json"
            }
          ],
          "body": {
            "mode": "raw",
            "raw": "{\"id\": \"1\", \"name\": \"John Doe\", \"email\": \"john.doe@example.com\"}"
          },
          "url": {
            "raw": "http://localhost:3000/users/1",
            "protocol": "http",
            "host": [
              "localhost"
            ],
            "port": "3000",
            "path": [
              "users",
              "1"
            ]
          }
        },
        "response": []
      },
      {
        "name": "Delete User",
        "request": {
          "method": "DELETE",
          "header": [],
          "url": {
            "raw": "http://localhost:3000/users/1",
            "protocol": "http",
            "host": [
              "localhost"
            ],
            "port": "3000",
            "path": [
              "users",
              "1"
            ]
          }
        },
        "response": []
      },
      {
        "name": "Search Users",
        "request": {
          "method": "GET",
          "header": [],
          "url": {
            "raw": "http://localhost:3000/users/search?name=Jane",
            "protocol": "http",
            "host": [
              "localhost"
            ],
            "port": "3000",
            "path": [
              "users",
              "search"
            ],
            "query": [
              {
                "key": "name",
                "value": "Jane",
                "equals": true,
                "description": ""
              }
            ]
          }
        },
        "response": []
      }
    ]
  }