{
  "info": {
    "_postman_id": "a unique identifier for your collection",
    "name": "User Management API",
    "schema": "https://schema.getpostman.com/json/collection/v2.1.0/collection.json"
  },
  "item": [
    {
      "name": "Get All Users",
      "request": {
        "method": "GET",
        "header": [],
        "url": {
          "raw": "localhost:3000/users",
          "protocol": "http",
          "host": [
            "localhost"
          ],
          "port": "3000",
          "path": [
            "users"
          ]
        }
      },
      "response": []
    },
    {
      "name": "Create User",
      "request": {
        "method": "POST",
        "header": [],
        "url": {
          "raw": "localhost:3000/users",
          "protocol": "http",
          "host": [
            "localhost"
          ],
          "port": "3000",
          "path": [
            "users"
          ]
        },
        "body": {
          "mode": "raw",
          "raw": "{\n    \"name\": \"John Doe\",\n    \"email\": \"john.doe@example.com\"\n}"
        }
      },
      "response": []
    },
    {
      "name": "Update User",
      "request": {
        "method": "PUT",
        "header": [
          {
            "key": "Content-Type",
            "value": "application/json"
          }
        ],
        "body": {
          "mode": "raw",
          "raw": "{\"name\": \"John Doe\", \"email\": \"john.doe@example.com\"}"
        },
        "url": {
          "raw": "localhost:3000/users/60c72b2f9b1e8a5f6c8b4567",
          "protocol": "http",
          "host": [
            "localhost"
          ],
          "port": "3000",
          "path": [
            "users",
            "60c72b2f9b1e8a5f6c8b4567"
          ]
        }
      },
      "response": []
    },
    {
      "name": "Delete User",
      "request": {
        "method": "DELETE",
        "header": [
          {
            "key": "Content-Type",
            "value": "application/json"
          }
        ],
        "url": {
          "raw": "localhost:3000/users/60c72b2f9b1e8a5f6c8b4567",
          "protocol": "http",
          "host": [
            "localhost"
          ],
          "port": "3000",
          "path": [
            "users",
            "60c72b2f9b1e8a5f6c8b4567"
          ]
        }
      },
      "response": []
    },
    {
      "name": "Search Users",
      "request": {
        "method": "GET",
        "header": [],
        "url": {
          "raw": "localhost:3000/users/search?name=Jane",
          "protocol": "http",
          "host": [
            "localhost"
          ],
          "port": "3000",
          "path": [
            "users",
            "search"
          ],
          "query": [
            {
              "key": "name",
              "value": "Jane",
              "equals": true,
              "description": ""
            }
          ]
        }
      },
      "response": []
    }
  ]
}